{"cameraMode":{"drawMode":0,"name":"Shaded","section":"Shading Mode"},"sceneLighting":false,"audioPlay":false,"sceneViewState":{"showFog":true,"showMaterialUpdate":false,"showSkybox":true,"showFlares":true,"showImageEffects":true,"showParticleSystems":true},"in2DMode":false,"pivot":{"x":3.440185546875,"y":2.35498046875,"z":-2.935546875},"rotation":{"x":0.07340088486671448,"y":0.029916761443018915,"z":-0.0021948993671685459,"w":0.9968513250350952},"size":6.997692108154297,"orthographic":true}