{"cameraMode":{"drawMode":0,"name":"Shaded","section":"Shading Mode"},"sceneLighting":false,"audioPlay":false,"sceneViewState":{"showFog":true,"showMaterialUpdate":false,"showSkybox":true,"showFlares":true,"showImageEffects":true,"showParticleSystems":true},"in2DMode":false,"pivot":{"x":4.475677490234375,"y":1.557861328125,"z":-1.16796875},"rotation":{"x":0.07941292226314545,"y":-0.008969182148575783,"z":0.0007225014851428568,"w":0.9968011975288391},"size":8.927480697631836,"orthographic":true}