{"cameraMode":{"drawMode":0,"name":"Shaded","section":"Shading Mode"},"sceneLighting":false,"audioPlay":false,"sceneViewState":{"showFog":true,"showMaterialUpdate":false,"showSkybox":true,"showFlares":true,"showImageEffects":true,"showParticleSystems":true},"in2DMode":false,"pivot":{"x":-0.195068359375,"y":-0.3831501603126526,"z":-1.17138671875},"rotation":{"x":0.0014951371122151614,"y":-0.0809110775589943,"z":0.00012124246859457344,"w":0.9967201948165894},"size":15.076502799987793,"orthographic":true}