{"cameraMode":{"drawMode":0,"name":"Shaded","section":"Shading Mode"},"sceneLighting":false,"audioPlay":false,"sceneViewState":{"showFog":true,"showMaterialUpdate":false,"showSkybox":true,"showFlares":true,"showImageEffects":true,"showParticleSystems":true},"in2DMode":false,"pivot":{"x":-2.267822265625,"y":0.16400146484375,"z":-0.935546875},"rotation":{"x":0.010498619638383389,"y":-0.01499860268086195,"z":0.0001574881316628307,"w":0.9998324513435364},"size":17.691410064697267,"orthographic":true}