{"cameraMode":{"drawMode":0,"name":"Shaded","section":"Shading Mode"},"sceneLighting":false,"audioPlay":false,"sceneViewState":{"showFog":true,"showMaterialUpdate":false,"showSkybox":true,"showFlares":true,"showImageEffects":true,"showParticleSystems":true},"in2DMode":false,"pivot":{"x":5.6226043701171879,"y":1.2833251953125,"z":-6.68359375},"rotation":{"x":-0.02399698831140995,"y":-0.0044980705715715889,"z":-0.00010956525511574,"w":0.9997019171714783},"size":14.269774436950684,"orthographic":true}