{"cameraMode":{"drawMode":0,"name":"Shaded","section":"Shading Mode"},"sceneLighting":false,"audioPlay":false,"sceneViewState":{"showFog":true,"showMaterialUpdate":false,"showSkybox":true,"showFlares":true,"showImageEffects":true,"showParticleSystems":true},"in2DMode":false,"pivot":{"x":2.543701171875,"y":2.225830078125,"z":-1.1435546875},"rotation":{"x":0.07941292226314545,"y":-0.008969182148575783,"z":0.0007225014851428568,"w":0.9968011975288391},"size":5.055929183959961,"orthographic":true}