{"cameraMode":{"drawMode":0,"name":"Shaded","section":"Shading Mode"},"sceneLighting":false,"audioPlay":false,"sceneViewState":{"showFog":true,"showMaterialUpdate":false,"showSkybox":true,"showFlares":true,"showImageEffects":true,"showParticleSystems":true},"in2DMode":false,"pivot":{"x":7.11846923828125,"y":1.32415771484375,"z":-2.181640625},"rotation":{"x":0.020099474117159845,"y":-0.006590531673282385,"z":-0.0001356287975795567,"w":-0.9997762441635132},"size":7.231818199157715,"orthographic":true}