{"cameraMode":{"drawMode":0,"name":"Shaded","section":"Shading Mode"},"sceneLighting":false,"audioPlay":false,"sceneViewState":{"showFog":true,"showMaterialUpdate":false,"showSkybox":true,"showFlares":true,"showImageEffects":true,"showParticleSystems":true},"in2DMode":false,"pivot":{"x":4.35833740234375,"y":0.32080078125,"z":-0.212890625},"rotation":{"x":0.12400759011507034,"y":0.05206998810172081,"z":-0.00651653902605176,"w":0.990892767906189},"size":9.287405967712403,"orthographic":true}